geo2,geocodenum,p_hs_sigungu2006,p_hs_sido2006,mean2006,gini2006,theil2006,low_inc_dong2006,hi_inc_dong2006,low_inc_sigungu2006,hi_inc_sigungu2006,hsppl2006,d_inc_sigungu2006,x_inc_sigungu_low2006,x_inc_sigungu_high2006,d_inc_sido2006,x_inc_sido_low2006,x_inc_sido_high2006,geocode_str,p_hs_sigungu2010,p_hs_sido2010,mean2010,gini2010,theil2010,low_inc_dong2010,hi_inc_dong2010,low_inc_sigungu2010,hi_inc_sigungu2010,hsppl2010,d_inc_sigungu2010,x_inc_sigungu_low2010,x_inc_sigungu_high2010,d_inc_sido2010,x_inc_sido_low2010,x_inc_sido_high2010
서울특별시 종로구,11010,.082921639,.0095673036,370.97357,.30238459,.16765784,2,0,31,17,134,.87096775,.086789556,.15826331,.30271837,.24064392,.62757093,01-001-053,.038790606,.0082766293,381.9968,.35566244,.22402719,1988,1117,147,97,612,.41265166,.31464061,.47682649,.25832453,.45414919,.44099236
서울특별시 중구,11020,.058987997,.0095673036,308.83566,.32155848,.18952373,3,1,42,7,106,.66666669,.10813492,.64880955,.30271837,.24064392,.62757093,01-002-052,.054058772,.0082766293,373.37759,.37192073,.24812149,2287,1100,134,74,528,.41367486,.26707813,.48362797,.25832453,.45414919,.44099236
서울특별시 용산구,11030,.056484815,.0095673036,357.75943,.31807476,.1799906,8,4,53,26,193,.56458634,.20248306,.41275391,.30271837,.24064392,.62757093,01-003-051,.030982137,.0082766293,416.04614,.36487025,.2351958,2111,1203,137,152,785,.47099501,.37409914,.33718145,.25832453,.45414919,.44099236
서울특별시 성동구,11040,.028720945,.0095673036,319.16931,.32068422,.18834893,7,2,113,20,302,.53141594,.1212549,.68509018,.30271837,.24064392,.62757093,01-004-052,.017864235,.0082766293,407.23969,.33937526,.20651579,2287,1100,290,210,1312,.27027914,.37280068,.51481998,.25832453,.45414919,.44099236
서울특별시 광진구,11050,.044668175,.0095673036,354.77673,.28637505,.15534133,4,1,93,24,331,.48118278,.14940886,.57895935,.30271837,.24064392,.62757093,01-005-053,.023340015,.0082766293,393.46451,.32390222,.18926023,1988,1117,311,223,1491,.36676136,.33901334,.47279438,.25832453,.45414919,.44099236
서울특별시 동대문구,11060,.043977678,.0095673036,322.76047,.31300431,.17492412,3,2,148,21,369,.57432431,.096957512,.68331957,.30271837,.24064392,.62757093,01-006-071,.01286178,.0082766293,379.97827,.32526994,.19495916,794,606,315,161,1446,.2853002,.30611509,.59892088,.25832453,.45414919,.44099236
서울특별시 중랑구,11070,.032153659,.0095673036,298.76254,.28947759,.1486448,6,0,153,21,384,.36134455,.11110947,.8095119,.30271837,.24064392,.62757093,01-007-052,.021233641,.0082766293,339.76639,.33148596,.201478,2287,1100,380,122,1406,.31656599,.21742062,.67721182,.25832453,.45414919,.44099236
서울특별시 성북구,11080,.054493077,.0095673036,339.5368,.31072411,.1745902,2,1,104,29,350,.48706895,.15633012,.56063217,.30271837,.24064392,.62757093,01-008-058,.020889973,.0082766293,388.54575,.34397534,.21279287,1723,1045,304,233,1472,.39791337,.33504534,.4371407,.25832453,.45414919,.44099236
서울특별시 강북구,11090,.041483592,.0095673036,304.00317,.31311682,.18042061,5,1,113,12,278,.55752212,.082231127,.77434313,.30271837,.24064392,.62757093,01-009-060,.014307813,.0082766293,346.22961,.32137001,.18986847,1569,1089,327,106,1162,.29158732,.21148182,.65240151,.25832453,.45414919,.44099236
서울특별시 도봉구,11100,.042251445,.0095673036,375.2204,.28754741,.1495041,6,2,89,39,337,.43849036,.24433459,.55758411,.30271837,.24064392,.62757093,01-010-051,.028191127,.0082766293,404.61343,.33664808,.20366099,2111,1203,269,199,1302,.44721749,.31688228,.42834842,.25832453,.45414919,.44099236
서울특별시 노원구,11110,.065935902,.0095673036,368.7464,.28020093,.14913662,2,1,179,65,740,.33064032,.22680733,.62459248,.30271837,.24064392,.62757093,01-011-051,.031672716,.0082766293,423.92136,.29080841,.15572375,2111,1203,400,512,3068,.24820313,.5131166,.40087235,.25832453,.45414919,.44099236
서울특별시 은평구,11120,.025823161,.0095673036,327.47626,.31496018,.18702571,9,1,114,15,314,.59473681,.080019496,.60814816,.30271837,.24064392,.62757093,01-012-051,.0099358428,.0082766293,385.31067,.32692993,.19607927,2111,1203,390,202,1738,.28682408,.29149058,.56277889,.25832453,.45414919,.44099236
서울특별시 서대문구,11130,.046094753,.0095673036,359.17834,.30910802,.18048798,2,0,95,29,333,.49655172,.18182349,.59562868,.30271837,.24064392,.62757093,01-013-052,.017334912,.0082766293,392.60648,.32537049,.19065994,2287,1100,325,258,1605,.2546452,.40072674,.50479144,.25832453,.45414919,.44099236
서울특별시 마포구,11140,.045959376,.0095673036,367.56329,.31959459,.18608655,5,0,80,42,343,.51964283,.22987373,.43785474,.30271837,.24064392,.62757093,01-014-059,.014289079,.0082766293,412.65668,.33595991,.20284237,1554,1172,283,252,1406,.34478939,.39725706,.44612598,.25832453,.45414919,.44099236
서울특별시 양천구,11150,.070619717,.0095673036,421.61844,.30658269,.16988903,3,5,147,93,554,.49879307,.26511493,.4190526,.30271837,.24064392,.62757093,01-015-051,.026492087,.0082766293,464.17249,.32253611,.18622559,2111,1203,348,521,2217,.57512629,.34473264,.23026288,.25832453,.45414919,.44099236
서울특별시 강서구,11160,.045580417,.0095673036,369.0401,.29369333,.15977064,3,7,134,46,510,.54445165,.17330016,.5048309,.30271837,.24064392,.62757093,01-016-051,.019654112,.0082766293,408.16211,.31361395,.17969252,2111,1203,400,319,2257,.33905956,.37406614,.46904847,.25832453,.45414919,.44099236
서울특별시 구로구,11170,.023342256,.0095673036,352.30817,.27940184,.14761712,3,8,120,33,434,.46287879,.15154138,.55105954,.30271837,.24064392,.62757093,01-017-051,.015887074,.0082766293,383.45258,.30238393,.16767293,2111,1203,314,243,1797,.29083118,.38049749,.49167165,.25832453,.45414919,.44099236
서울특별시 금천구,11180,.021525329,.0095673036,316.35645,.27412954,.1403413,11,1,84,13,243,.6437729,.088008054,.56866747,.30271837,.24064392,.62757093,01-018-051,.008279833,.0082766293,369.19135,.32391638,.19189736,2111,1203,248,114,1084,.2589134,.28386891,.61753941,.25832453,.45414919,.44099236
서울특별시 영등포구,11190,.069655366,.0095673036,382.77567,.30476174,.17289771,5,2,110,41,425,.58957869,.15720779,.42177701,.30271837,.24064392,.62757093,01-019-054,.022156345,.0082766293,429.4126,.34527779,.21228646,2298,1317,294,297,1533,.45646945,.36496243,.36127594,.25832453,.45414919,.44099236
서울특별시 동작구,11200,.042606123,.0095673036,355.11783,.29714179,.16336483,6,3,112,33,379,.42532468,.18209696,.61802602,.30271837,.24064392,.62757093,01-020-052,.011967268,.0082766293,428.3132,.3231537,.18698202,2287,1100,238,282,1455,.31908932,.46499887,.39244586,.25832453,.45414919,.44099236
서울특별시 관악구,11210,.035282135,.0095673036,326.45364,.29894024,.16081759,5,2,192,28,511,.4732143,.10861247,.74477124,.30271837,.24064392,.62757093,01-021-052,.024268817,.0082766293,369.48483,.32374802,.19045407,2287,1100,439,288,2131,.2917853,.34284014,.52259314,.25832453,.45414919,.44099236
서울특별시 서초구,11220,.041297812,.0095673036,530.72839,.28621963,.15004881,1,8,32,90,298,.4611111,.55200893,.19626984,.30271837,.24064392,.62757093,01-022-051,.018104769,.0082766293,572.05499,.32247987,.18330792,2111,1203,107,544,1334,.3971619,.69619769,.13693593,.25832453,.45414919,.44099236
서울특별시 강남구,11230,.051685363,.0095673036,516.85889,.31427214,.17658648,1,7,71,139,507,.50785285,.43778789,.22361827,.30271837,.24064392,.62757093,01-023-051,.026648689,.0082766293,574.7229,.32517499,.18591657,2111,1203,221,1079,2803,.4593578,.66435933,.1360736,.25832453,.45414919,.44099236
서울특별시 송파구,11240,.055831134,.0095673036,426.7713,.30405459,.17120564,7,3,117,99,610,.51981354,.28853738,.34099874,.30271837,.24064392,.62757093,01-024-051,.018218827,.0082766293,488.10028,.3080422,.1703386,2111,1203,402,780,3191,.55384618,.44211265,.22785807,.25832453,.45414919,.44099236
서울특별시 강동구,11250,.045586165,.0095673036,362.49701,.2978048,.16912745,4,3,121,33,420,.53443527,.15239945,.55879802,.30271837,.24064392,.62757093,01-025-051,.016772721,.0082766293,419.0191,.30354607,.16685942,2111,1203,351,326,1990,.36605316,.39069799,.42065948,.25832453,.45414919,.44099236
인천광역시 중구,23010,.12235246,.022104573,305.58411,.36312112,.24284983,1,1,30,4,59,.86666667,.06666667,.5,.17588022,.087845534,.89150172,04-050-052,.093350545,.018151345,332.96964,.31421909,.1868241,2287,1100,96,38,495,.54550439,.20870292,.52724946,.18177713,.24276116,.70212221
인천광역시 동구,23020,.1014046,.022104573,252.32132,.26019159,.12203322,2,0,33,1,71,.69696969,.027548209,.90909094,.17588022,.087845534,.89150172,04-051-051,.028282195,.018151345,292.04285,.3286458,.20877093,2111,1203,139,17,431,.31612357,.10259872,.83889544,.18177713,.24276116,.70212221
인천광역시 연수구,23040,.045910619,.022104573,370.56793,.30141401,.16931957,13,4,95,23,322,.42883295,.1590497,.65694439,.17588022,.087845534,.89150172,04-053-051,.040225051,.018151345,428.78561,.31614468,.18269415,2111,1203,278,298,1770,.54572451,.3379159,.31523699,.18177713,.24276116,.70212221
인천광역시 남동구,23050,.046686299,.022104573,298.25085,.30444908,.17606865,16,0,193,13,449,.5603826,.056658514,.84116101,.17588022,.087845534,.89150172,04-054-051,.023819167,.018151345,352.48239,.31494835,.18942083,2111,1203,793,206,2973,.38131589,.17720804,.68216497,.18177713,.24276116,.70212221
인천광역시 부평구,23060,.039983563,.022104573,313.81406,.28464875,.15424217,12,1,192,22,533,.48721591,.086702533,.75667667,.17588022,.087845534,.89150172,04-055-051,.032453518,.018151345,338.69147,.31836298,.18958038,2111,1203,719,187,2680,.39659211,.17737615,.68199706,.18177713,.24276116,.70212221
인천광역시 계양구,23070,.023212928,.022104573,310.10199,.2819593,.14568017,19,2,144,14,379,.39384919,.080734983,.83041698,.17588022,.087845534,.89150172,04-056-051,.021261105,.018151345,355.21747,.29992044,.16985042,2111,1203,507,177,2267,.24016313,.23837379,.68279946,.18177713,.24276116,.70212221
인천광역시 서구,23080,.043142144,.022104573,288.59912,.28317168,.15446085,3,1,151,10,385,.58940399,.05344953,.8070879,.17588022,.087845534,.89150172,04-057-051,.041699138,.018151345,363.78964,.28909293,.16118947,2111,1203,509,197,2419,.44150469,.21464397,.55458772,.18177713,.24276116,.70212221
인천광역시 미추홀구,23090,.053167954,.022104573,299.50491,.29848936,.17055684,1,0,176,14,407,.6785714,.056076493,.7049616,.17588022,.087845534,.89150172,04-052-052,.033941843,.018151345,325.7084,.31088331,.17805764,2287,1100,565,133,1987,.41430569,.15621705,.66362882,.18177713,.24276116,.70212221
인천광역시 강화군,23310,.10787523,.022104573,180.26923,.2926209,.1538025,0,0,9,0,15,0,0,0,.17588022,.087845534,.89150172,04-058-011,.038123988,.018151345,272.5163,.41232693,.31306067,2815,789,33,9,93,.30303031,.1935606,.70972222,.18177713,.24276116,.70212221
인천광역시 옹진군,23320,0,.022104573,217.5,.24128735,.10534322,2,0,2,0,4,0,0,0,.17588022,.087845534,.89150172,04-059-037,.017613407,.018151345,166.9312,.27459159,.14368865,650,111,11,0,14,0,0,0,.18177713,.24276116,.70212221
경기도 수원시,31010,.065140232,.027689148,343.81323,.24859303,.11809094,7,3,63,23,312,.36576951,.22829279,.62532377,.38289782,.1748192,.64522535,08-075-054,.020971028,.017349692,386.73996,.29758927,.1649048,2298,1317,236,163,1341,.327389,.34534699,.50001156,.34323734,.34813812,.48071191
경기도 성남시,31020,.043217167,.027689148,290.25967,.27609453,.14438063,8,0,80,5,217,.85000002,.043749999,.69999999,.38289782,.1748192,.64522535,08-079-051,.030628178,.017349692,345.00955,.32263172,.19659472,2111,1203,235,68,993,.29042554,.20041682,.69261694,.34323734,.34813812,.48071191
경기도 의정부시,31030,.046055619,.027689148,320.612,.28180256,.15129982,8,0,136,15,399,.39607844,.092072695,.83479244,.38289782,.1748192,.64522535,08-082-051,.034393083,.017349692,337.67905,.29546732,.16118467,2111,1203,473,132,1839,.28823113,.20125964,.72118038,.34323734,.34813812,.48071191
경기도 안양시,31040,.061021008,.027689148,329.93655,.29790437,.16989246,4,3,95,13,268,.66315788,.093471177,.68305862,.38289782,.1748192,.64522535,08-083-051,.033210997,.017349692,357.58783,.29352009,.15798753,2111,1203,254,130,1257,.38310117,.28129414,.54960549,.34323734,.34813812,.48071191
경기도 부천시,31050,.067840502,.027689148,369.43079,.29161984,.15804861,3,3,134,39,497,.58400309,.15092134,.51855022,.38289782,.1748192,.64522535,08-085-051,.036616467,.017349692,376.44284,.30689067,.17227787,2111,1203,320,206,1640,.45294297,.27792707,.43173137,.34323734,.34813812,.48071191
경기도 광명시,31060,.0501885,.027689148,336.91064,.27368832,.14408836,5,1,124,22,415,.40175954,.12822005,.72269487,.38289782,.1748192,.64522535,08-088-051,.033493206,.017349692,391.44891,.28160957,.14632098,2111,1203,243,167,1402,.37926617,.33820346,.49211639,.34323734,.34813812,.48071191
경기도 평택시,31070,.064696148,.027689148,314.58047,.317889,.18657222,7,2,165,25,427,.39878789,.11804591,.77910304,.38289782,.1748192,.64522535,08-089-011,.053534739,.017349692,336.86111,.34054002,.21803634,2815,789,368,125,1577,.23767391,.22986883,.67673379,.34323734,.34813812,.48071191
경기도 동두천시,31080,.044494882,.027689148,290.78687,.30966297,.16745996,1,1,38,6,86,.5,.11613272,.73550725,.38289782,.1748192,.64522535,08-090-051,.041533433,.017349692,299.04132,.30199611,.17608266,2111,1203,105,18,360,.41587302,.1300447,.75859404,.34323734,.34813812,.48071191
경기도 안산시,31090,.13159963,.027689148,307.44394,.24878703,.11259152,5,1,49,5,129,.5714286,.067800455,.66444445,.38289782,.1748192,.64522535,08-091-051,.0207671,.017349692,364.62927,.32084855,.19013995,2111,1203,425,154,1697,.3567456,.22534011,.62188017,.34323734,.34813812,.48071191
경기도 고양시,31100,.097285852,.027689148,354.91266,.26647931,.13310492,8,0,109,27,424,.42099899,.16672496,.67307484,.38289782,.1748192,.64522535,08-093-051,.071352005,.017349692,380.17477,.30262002,.16773008,2111,1203,296,209,1654,.35621685,.33923092,.48044187,.34323734,.34813812,.48071191
경기도 과천시,31110,.072519384,.027689148,393.44366,.22799006,.098647043,2,2,10,8,68,.30000001,.37142858,.4642857,.38289782,.1748192,.64522535,08-096-051,.039467666,.017349692,505.13663,.28545466,.14799823,2111,1203,30,101,322,.38316831,.65872616,.19566123,.34323734,.34813812,.48071191
경기도 구리시,31120,.03096861,.027689148,363.61346,.30365717,.17419262,4,7,52,16,200,.625,.15496448,.50363457,.38289782,.1748192,.64522535,08-097-051,.046202745,.017349692,389.37231,.29090926,.15589988,2111,1203,133,108,827,.31843498,.37850142,.46611747,.34323734,.34813812,.48071191
경기도 남양주시,31130,.0217884,.027689148,331.4509,.30378714,.17674664,14,5,138,27,421,.26006442,.15359582,.78504527,.38289782,.1748192,.64522535,08-098-011,.018388873,.017349692,357.4285,.29873767,.1680118,2815,789,367,175,1909,.3172285,.28339794,.59432602,.34323734,.34813812,.48071191
경기도 오산시,31140,.029663686,.027689148,326.47076,.29903588,.16688028,9,1,42,7,124,.26190478,.13507403,.81044418,.38289782,.1748192,.64522535,08-099-051,.053389385,.017349692,363.95325,.28907639,.16091521,2111,1203,160,63,881,.1936508,.27120012,.68876225,.34323734,.34813812,.48071191
경기도 시흥시,31150,.094465524,.027689148,334.84851,.26687077,.1363339,9,0,52,8,216,.73076922,.08429487,.54791665,.38289782,.1748192,.64522535,08-100-051,.035649162,.017349692,360.23987,.29708111,.16918859,2111,1203,449,189,2121,.2462851,.27310076,.64879495,.34323734,.34813812,.48071191
경기도 군포시,31160,.038257986,.027689148,362.6701,.2753886,.14595942,11,1,106,32,412,.4298349,.17635901,.58418924,.38289782,.1748192,.64522535,08-101-051,.017404811,.017349692,409.96738,.28196979,.15025753,2111,1203,188,157,1315,.37189999,.37200737,.44546106,.34323734,.34813812,.48071191
경기도 의왕시,31170,.093703948,.027689148,366.51953,.27352101,.14036119,2,0,29,15,153,.62298852,.18652038,.36060607,.38289782,.1748192,.64522535,08-102-051,.02173825,.017349692,438.16019,.29817769,.16047846,2111,1203,87,107,627,.32731766,.47044808,.38251385,.34323734,.34813812,.48071191
경기도 하남시,31180,.069995575,.027689148,292.09814,.29416451,.16961284,4,0,55,2,105,.70909089,.029090909,.80000001,.38289782,.1748192,.64522535,08-103-051,.030894402,.017349692,350.38098,.29932502,.16678904,2111,1203,121,41,476,.23946784,.22907385,.67604721,.34323734,.34813812,.48071191
경기도 용인시,31190,.028360428,.027689148,421.21631,.26466158,.13852568,7,1,27,32,239,.45949075,.40383598,.3407366,.38289782,.1748192,.64522535,08-104-011,.036973629,.017349692,333.81293,.30463633,.16982499,2815,789,147,51,687,.37054822,.21872771,.63045049,.34323734,.34813812,.48071191
경기도 파주시,31200,.056773242,.027689148,293.94724,.28693253,.15377963,9,0,86,6,219,.60465115,.056136951,.80462962,.38289782,.1748192,.64522535,08-107-011,.058243454,.017349692,357.08774,.30553427,.17424478,2815,789,164,124,1002,.46852872,.31886432,.42172375,.34323734,.34813812,.48071191
경기도 이천시,31210,.098597564,.027689148,283.90967,.32523385,.1941309,4,0,60,6,141,.58333331,.079027779,.79027778,.38289782,.1748192,.64522535,08-108-011,.12721163,.017349692,333.33102,.32700688,.19425003,2815,789,234,79,841,.35464677,.21866231,.64768326,.34323734,.34813812,.48071191
경기도 안성시,31220,.084940054,.027689148,262.86639,.36245865,.23930207,2,0,43,2,87,.72093022,.032945737,.70833331,.38289782,.1748192,.64522535,08-109-011,.041204378,.017349692,314.84225,.34257662,.21985666,2815,789,104,41,470,.45051596,.22162987,.56218308,.34323734,.34813812,.48071191
경기도 김포시,31230,.05306413,.027689148,358.32657,.28577536,.14741683,3,0,45,14,182,.54603177,.13849206,.44515306,.38289782,.1748192,.64522535,08-110-011,.064694963,.017349692,368.29489,.28331283,.15016873,2815,789,127,82,805,.37939313,.31375757,.48594159,.34323734,.34813812,.48071191
경기도 화성시,31240,.12176046,.027689148,322.88766,.29208049,.16349299,2,0,73,16,308,.55393833,.11294451,.51530933,.38289782,.1748192,.64522535,08-111-012,.094256528,.017349692,403.25449,.30376846,.17314114,1034,378,239,330,2211,.34781286,.47236538,.34210706,.34323734,.34813812,.48071191
경기도 광주시,31250,.036724545,.027689148,324.50406,.31328586,.17942761,7,1,48,8,136,.20833333,.13748045,.82488275,.38289782,.1748192,.64522535,08-112-011,.061461389,.017349692,368.27231,.30843931,.17267232,2815,789,192,104,862,.24078526,.31988156,.5905506,.34323734,.34813812,.48071191
경기도 양주시,31260,.072723053,.027689148,304.79852,.30950534,.17740907,5,0,65,8,159,.42692307,.099066317,.80491382,.38289782,.1748192,.64522535,08-113-011,.032485042,.017349692,330.51266,.30943006,.18276519,2815,789,147,44,616,.2308287,.21269763,.71060342,.34323734,.34813812,.48071191
경기도 포천시,31270,.075957738,.027689148,271.52185,.34641856,.22261359,20,1,40,3,84,.56666666,.055059522,.73412699,.38289782,.1748192,.64522535,08-114-011,.036304172,.017349692,289.44629,.31999457,.19284844,2815,789,129,27,402,.45047373,.14553116,.6953156,.34323734,.34813812,.48071191
경기도 여주시,31280,.062114768,.027689148,220.05838,.34133685,.20398009,8,0,24,0,43,0,0,0,.38289782,.1748192,.64522535,08-115-011,.035912305,.017349692,270.12933,.34427419,.2207085,2815,789,61,9,205,.38069215,.10388368,.70410055,.34323734,.34813812,.48071191
경기도 연천군,31350,.11103734,.027689148,247.32608,.26698598,.12745237,2,0,13,0,28,0,0,0,.38289782,.1748192,.64522535,08-116-011,.075998448,.017349692,293.84418,.33328566,.21230654,2815,789,38,9,129,.52631581,.15438597,.65185183,.34323734,.34813812,.48071191
경기도 가평군,31370,.057004698,.027689148,247.13033,.26341307,.1273405,4,0,22,0,50,0,0,0,.38289782,.1748192,.64522535,08-117-011,.018913481,.017349692,284.65286,.35861731,.23970696,2815,789,47,5,122,.59574467,.083333336,.78333336,.34323734,.34813812,.48071191
경기도 양평군,31380,.11523439,.027689148,274.67096,.34631971,.23726526,3,0,21,0,42,0,0,0,.38289782,.1748192,.64522535,08-118-011,.027673529,.017349692,298.19534,.37801111,.25682667,2815,789,83,22,222,.44742608,.16249414,.61304605,.34323734,.34813812,.48071191
강원특별자치도 춘천시,32010,.12257615,.014313805,284.30624,.27824712,.14047948,3,0,104,9,305,.64423078,.065124802,.75255328,.201221,.089144826,.89399529,09-119-011,.078477398,.011335577,361.00113,.30869079,.17617373,2815,789,286,177,1489,.37620008,.31356218,.50665981,.24303031,.22412756,.71773016
강원특별자치도 원주시,32020,.1047745,.014313805,308.97287,.29278848,.16220537,11,0,118,18,388,.5621469,.099482112,.65216047,.201221,.089144826,.89399529,09-120-011,.085469268,.011335577,367.44745,.29496443,.16532782,2815,789,334,180,1945,.35006654,.29197034,.54176724,.24303031,.22412756,.71773016
강원특별자치도 홍천군,32310,.069047131,.014313805,256.7261,.30901965,.17006652,19,1,51,2,102,.627451,.018627452,.47499999,.201221,.089144826,.89399529,09-126-011,.10579691,.011335577,310.46707,.28619424,.15309405,2815,789,113,18,362,.22517207,.13109727,.8229996,.24303031,.22412756,.71773016
강원특별자치도 횡성군,32320,.16835968,.014313805,213.95313,.29438084,.1589452,14,1,30,1,46,.53333336,.031111112,.93333334,.201221,.089144826,.89399529,09-127-011,.078160033,.011335577,342.76437,.3601886,.24805583,2815,789,73,17,242,.34165996,.16734488,.7185986,.24303031,.22412756,.71773016
강원특별자치도 철원군,32360,.097151503,.014313805,332.18668,.38510901,.28171098,5,0,32,4,72,.46875,.099459134,.79567307,.201221,.089144826,.89399529,09-131-011,.10274188,.011335577,362.76617,.36857647,.27779675,2815,789,71,13,226,.31310943,.11943837,.65231723,.24303031,.22412756,.71773016
강원특별자치도 화천군,32370,.10974214,.014313805,304.18604,.42901903,.39710546,5,0,16,1,38,.8125,.046875,.75,.201221,.089144826,.89399529,09-132-011,.044882149,.011335577,339.19177,.36019084,.23900209,2815,789,41,12,122,.40447155,.19679151,.67237103,.24303031,.22412756,.71773016
충청북도 충주시,33020,.13596408,.0054534758,294.52814,.33576062,.23024167,5,0,93,10,237,.65698928,.044558488,.41439393,.21333334,.073075399,.91344249,10-139-011,.10325931,.033352517,356.69284,.32045844,.1938792,2815,789,141,106,934,.37394622,.34825134,.46324,.3286033,.30385315,.58587778
충청북도 진천군,33350,.10344145,.0054534758,262.69446,.24459919,.11342752,9,1,28,1,95,.6785714,.032142859,.89999998,.21333334,.073075399,.91344249,10-146-011,.063901208,.033352517,355.93097,.30350223,.182795,2815,789,86,22,371,.31818181,.16920601,.66144162,.3286033,.30385315,.58587778
충청북도 음성군,33370,.12584828,.0054534758,247.52762,.25127488,.1209801,11,0,29,1,92,.86206895,.027586207,.80000001,.21333334,.073075399,.91344249,10-148-011,.052226949,.033352517,358.90308,.34516463,.22981539,2815,789,138,33,492,.43148881,.15799217,.66069454,.3286033,.30385315,.58587778
충청남도 천안시,34010,.085114747,.0069123185,315.58566,.25302806,.13165155,8,1,158,28,728,.50226039,.122536,.6914531,.27619049,.099644296,.87188762,11-150-011,.057489667,.018360443,343.14487,.34668601,.22265114,2815,789,215,85,937,.39151847,.232732,.58867508,.18504091,.25658396,.70886755
충청남도 아산시,34040,.12118532,.0069123185,256.11993,.23194945,.10239452,2,0,91,4,310,.7912088,.034013607,.77380955,.27619049,.099644296,.87188762,11-154-011,.062055282,.018360443,341.53073,.310431,.18873715,2815,789,260,101,1336,.35559785,.24013561,.61817092,.18504091,.25658396,.70886755
충청남도 당진시,34080,.0870938,.0069123185,261.159,.30969247,.18637611,16,1,66,4,157,.5151515,.052527539,.86670434,.27619049,.099644296,.87188762,11-166-011,.048968453,.018360443,350.61731,.31234896,.18697788,2815,789,130,64,741,.38245192,.27630928,.56125325,.18504091,.25658396,.70886755
부산광역시 중구,21010,,,,,,,,,,,,,,,,,02-026-051,.035732519,.0067069591,262.03192,.36362496,.23718648,2111,1203,79,14,196,.39783001,.13221386,.74606395,.19719189,.24679953,.71513098
부산광역시 서구,21020,,,,,,,,,,,,,,,,,02-027-051,.056341901,.0067069591,286.63916,.34578291,.22401623,2111,1203,167,22,480,.68263471,.070021547,.53152716,.19719189,.24679953,.71513098
부산광역시 동구,21030,,,,,,,,,,,,,,,,,02-028-051,.021099614,.0067069591,283.43845,.31891358,.19336291,2111,1203,149,17,422,.55191475,.089658789,.78583294,.19719189,.24679953,.71513098
부산광역시 영도구,21040,,,,,,,,,,,,,,,,,02-029-053,.030708008,.0067069591,316.3772,.35698268,.23490492,1988,1117,144,37,471,.46584085,.14994475,.58356875,.19719189,.24679953,.71513098
부산광역시 부산진구,21050,,,,,,,,,,,,,,,,,02-030-051,.025868617,.0067069591,318.862,.35058057,.22620179,2111,1203,436,99,1383,.36889538,.16070826,.70776564,.19719189,.24679953,.71513098
부산광역시 동래구,21060,,,,,,,,,,,,,,,,,02-031-051,.014350645,.0067069591,363.25327,.33159712,.2009262,2111,1203,243,120,1027,.25936213,.30275929,.61308753,.19719189,.24679953,.71513098
부산광역시 남구,21070,,,,,,,,,,,,,,,,,02-032-051,.024146788,.0067069591,354.22321,.34328383,.21593411,2111,1203,264,132,1175,.42424244,.26942566,.53885132,.19719189,.24679953,.71513098
부산광역시 북구,21080,,,,,,,,,,,,,,,,,02-033-051,.02462218,.0067069591,343.65146,.32523748,.1974536,2111,1203,352,103,1291,.3936452,.19232443,.65726405,.19719189,.24679953,.71513098
부산광역시 해운대구,21090,,,,,,,,,,,,,,,,,02-034-051,.03408945,.0067069591,385.11145,.33292648,.20305119,2111,1203,383,239,1845,.45813167,.29179305,.46760142,.19719189,.24679953,.71513098
부산광역시 사하구,21100,,,,,,,,,,,,,,,,,02-035-051,.021191958,.0067069591,338.42575,.32143584,.1941462,2111,1203,348,118,1422,.32485875,.21762466,.64180833,.19719189,.24679953,.71513098
부산광역시 금정구,21110,,,,,,,,,,,,,,,,,02-036-051,.018309681,.0067069591,326.58597,.36228868,.24101384,2111,1203,276,77,863,.53100884,.15827926,.56733865,.19719189,.24679953,.71513098
부산광역시 강서구,21120,,,,,,,,,,,,,,,,,02-037-051,.020325435,.0067069591,337.58704,.37786981,.26515231,2111,1203,50,27,204,.52370369,.23012698,.42616108,.19719189,.24679953,.71513098
부산광역시 연제구,21130,,,,,,,,,,,,,,,,,02-038-051,.032899417,.0067069591,358.50073,.3529487,.22187132,2111,1203,188,100,686,.48680851,.26179194,.49216887,.19719189,.24679953,.71513098
부산광역시 수영구,21140,,,,,,,,,,,,,,,,,02-039-051,.020644521,.0067069591,355.64966,.34754997,.22439931,2111,1203,163,76,681,.38085243,.25154442,.5394966,.19719189,.24679953,.71513098
부산광역시 사상구,21150,,,,,,,,,,,,,,,,,02-040-051,.018084569,.0067069591,313.27582,.32946983,.20576115,2111,1203,296,57,1024,.4099099,.14206542,.7377432,.19719189,.24679953,.71513098
부산광역시 기장군,21310,,,,,,,,,,,,,,,,,02-041-011,.022805424,.0067069591,287.4563,.34186608,.21274309,2815,789,113,22,347,.32542238,.14870922,.76382464,.19719189,.24679953,.71513098
대구광역시 중구,22010,,,,,,,,,,,,,,,,,03-042-051,.055434495,.0062018163,280.53983,.33406821,.20898224,2111,1203,92,15,321,.57318842,.10939323,.67094517,.28091896,.20812637,.70546418
대구광역시 동구,22020,,,,,,,,,,,,,,,,,03-043-051,.036403865,.0062018163,305.71899,.30625102,.17628005,2111,1203,387,60,1262,.49534884,.10695293,.6898464,.28091896,.20812637,.70546418
대구광역시 서구,22030,,,,,,,,,,,,,,,,,03-044-051,.040522669,.0062018163,301.63275,.31271422,.18309198,2111,1203,402,47,1075,.41690484,.090687066,.77566385,.28091896,.20812637,.70546418
대구광역시 남구,22040,,,,,,,,,,,,,,,,,03-045-051,.046227064,.0062018163,281.02911,.31633013,.18948044,2111,1203,297,25,786,.42747474,.069548644,.82623792,.28091896,.20812637,.70546418
대구광역시 북구,22050,,,,,,,,,,,,,,,,,03-046-051,.052275822,.0062018163,333.50125,.31010368,.18426546,2111,1203,538,147,2118,.28451306,.19634065,.71858007,.28091896,.20812637,.70546418
대구광역시 수성구,22060,,,,,,,,,,,,,,,,,03-047-051,.036248457,.0062018163,416.82898,.33219323,.20104119,2111,1203,373,312,1842,.48784974,.31297252,.37416264,.28091896,.20812637,.70546418
대구광역시 달서구,22070,,,,,,,,,,,,,,,,,03-048-051,.035751279,.0062018163,351.22086,.31242248,.18362017,2111,1203,610,221,2604,.45788887,.21262752,.5868904,.28091896,.20812637,.70546418
대구광역시 달성군,22310,,,,,,,,,,,,,,,,,03-049-011,.055768915,.0062018163,314.70248,.30629793,.18883491,2815,789,233,38,892,.40004519,.12351754,.75735754,.28091896,.20812637,.70546418
광주광역시 동구,24010,,,,,,,,,,,,,,,,,05-060-051,.035909623,.0081494302,335.80038,.38923886,.27574563,2111,1203,143,25,383,.33538461,.13722426,.78492278,.065105252,.22287607,.77173448
광주광역시 서구,24020,,,,,,,,,,,,,,,,,05-061-051,.043244109,.0081494302,347.27084,.30372685,.17698108,2111,1203,369,95,1374,.45916417,.16855974,.65472156,.065105252,.22287607,.77173448
광주광역시 남구,24030,,,,,,,,,,,,,,,,,05-062-051,.019985043,.0081494302,338.08304,.29512969,.16378438,2111,1203,165,62,707,.48347995,.20840617,.55462927,.065105252,.22287607,.77173448
광주광역시 북구,24040,,,,,,,,,,,,,,,,,05-063-051,.07331486,.0081494302,324.16663,.2979897,.17022172,2111,1203,440,132,1870,.26060605,.2124346,.70811534,.065105252,.22287607,.77173448
광주광역시 광산구,24050,,,,,,,,,,,,,,,,,05-064-051,.042886361,.0081494302,340.89307,.29652643,.17416483,2111,1203,365,114,1717,.36260515,.20985617,.6719079,.065105252,.22287607,.77173448
대전광역시 동구,25010,,,,,,,,,,,,,,,,,06-065-053,.034174934,.0071817068,327.41772,.31744745,.1898243,1988,1117,303,70,1096,.38967469,.16134152,.69837826,.32644254,.32345086,.52145523
대전광역시 중구,25020,,,,,,,,,,,,,,,,,06-066-051,.047967277,.0071817068,343.28983,.30346471,.17193241,2111,1203,214,73,956,.6259762,.14659171,.42973462,.32644254,.32345086,.52145523
대전광역시 서구,25030,,,,,,,,,,,,,,,,,06-067-051,.035074744,.0071817068,390.2869,.28880319,.1540907,2111,1203,365,256,2093,.49352527,.2898401,.4132486,.32644254,.32345086,.52145523
대전광역시 유성구,25040,,,,,,,,,,,,,,,,,06-068-051,.034136124,.0071817068,458.45236,.27356187,.1401553,2111,1203,100,274,1390,.51277375,.51592475,.18829371,.32644254,.32345086,.52145523
대전광역시 대덕구,25050,,,,,,,,,,,,,,,,,06-069-051,.037005715,.0071817068,355.1929,.28433546,.15687284,2111,1203,211,67,980,.24418193,.22341551,.70359212,.32644254,.32345086,.52145523
울산광역시 중구,26010,,,,,,,,,,,,,,,,,07-070-051,.041566037,.0089392941,392.19592,.29837939,.16714928,2111,1203,201,142,1226,.3327027,.35898805,.50814503,.15954067,.37161902,.59925056
울산광역시 남구,26020,,,,,,,,,,,,,,,,,07-071-051,.020747617,.0089392941,395.6012,.28272513,.15010959,2111,1203,277,240,2020,.32454875,.37040147,.42750505,.15954067,.37161902,.59925056
울산광역시 동구,26030,,,,,,,,,,,,,,,,,07-072-051,.047337558,.0089392941,354.41501,.28163731,.15251563,2111,1203,163,63,924,.23429739,.25616363,.6627726,.15954067,.37161902,.59925056
울산광역시 북구,26040,,,,,,,,,,,,,,,,,07-073-051,.05132607,.0089392941,384.03198,.27825674,.15587109,2111,1203,136,98,1165,.25315127,.38214633,.53032553,.15954067,.37161902,.59925056
울산광역시 울주군,26310,,,,,,,,,,,,,,,,,07-074-011,.076550163,.0089392941,331.7356,.30955502,.18377487,2815,789,226,79,1135,.25826144,.23964882,.68557763,.15954067,.37161902,.59925056
세종특별자치시,29010,,,,,,,,,,,,,,,,,11-159-011,.08780054,.018360443,267.8045,.34382293,.22308967,2815,789,70,13,306,.1945055,.15048814,.81032073,.18504091,.25658396,.70886755
강원특별자치도 강릉시,32030,,,,,,,,,,,,,,,,,09-121-011,.10460007,.011335577,344.35165,.32835001,.20282938,2815,789,312,101,1209,.37896675,.20824407,.64328861,.24303031,.22412756,.71773016
강원특별자치도 동해시,32040,,,,,,,,,,,,,,,,,09-122-051,.064496048,.011335577,325.73828,.28340805,.15205976,2111,1203,150,42,663,.29142857,.20363772,.72727758,.24303031,.22412756,.71773016
강원특별자치도 태백시,32050,,,,,,,,,,,,,,,,,09-123-051,.027330641,.011335577,344.4278,.29285857,.16657203,2111,1203,82,21,379,.34727061,.18398912,.71843374,.24303031,.22412756,.71773016
강원특별자치도 속초시,32060,,,,,,,,,,,,,,,,,09-124-051,.066134959,.011335577,287.31073,.37130594,.25884357,2111,1203,94,17,310,.31789738,.14057751,.77731091,.24303031,.22412756,.71773016
강원특별자치도 삼척시,32070,,,,,,,,,,,,,,,,,09-125-011,.059574891,.011335577,312.53159,.28807124,.1658731,2815,789,152,19,544,.25,.10253696,.82029569,.24303031,.22412756,.71773016
강원특별자치도 영월군,32330,,,,,,,,,,,,,,,,,09-128-011,.064788662,.011335577,301.65952,.30352104,.19505456,2815,789,75,10,253,.45333335,.10704694,.80285203,.24303031,.22412756,.71773016
강원특별자치도 평창군,32340,,,,,,,,,,,,,,,,,09-129-011,.048026066,.011335577,335.10449,.29889604,.17789166,2815,789,69,14,295,.29399586,.13309397,.65596318,.24303031,.22412756,.71773016
강원특별자치도 정선군,32350,,,,,,,,,,,,,,,,,09-130-011,.022935458,.011335577,311.0256,.29864308,.16125725,2815,789,118,17,335,.40079761,.11126748,.77232724,.24303031,.22412756,.71773016
강원특별자치도 양구군,32380,,,,,,,,,,,,,,,,,09-133-011,.065500624,.011335577,333.89285,.33981463,.23309048,2815,789,44,6,127,.40909091,.11077441,.81234568,.24303031,.22412756,.71773016
강원특별자치도 인제군,32390,,,,,,,,,,,,,,,,,09-134-011,.05032558,.011335577,364.04477,.29084599,.18094507,2815,789,43,12,233,.53488374,.17007901,.60944974,.24303031,.22412756,.71773016
강원특별자치도 고성군,32400,,,,,,,,,,,,,,,,,09-135-011,.017606806,.011335577,266.8428,.27806845,.14069588,2815,789,69,3,173,.39130434,.034889396,.80245614,.24303031,.22412756,.71773016
강원특별자치도 양양군,32410,,,,,,,,,,,,,,,,,09-136-011,.029392317,.011335577,295.87439,.36617875,.25669974,2815,789,74,8,186,.21621622,.094584361,.87490529,.24303031,.22412756,.71773016
충청북도 제천시,33030,,,,,,,,,,,,,,,,,10-140-011,.076470211,.033352517,347.46359,.33943564,.21421136,2815,789,83,49,505,.39267272,.2831654,.47964749,.3286033,.30385315,.58587778
충청북도 청주시,33040,,,,,,,,,,,,,,,,,10-137-051,.06486886,.033352517,380.69354,.25528193,.12205744,2111,1203,150,132,1210,.29757577,.39040515,.44364223,.3286033,.30385315,.58587778
충청북도 보은군,33320,,,,,,,,,,,,,,,,,10-142-011,.1095393,.033352517,219.59685,.40796277,.2895079,2815,789,65,9,131,.52307695,.10730769,.77499998,.3286033,.30385315,.58587778
충청북도 옥천군,33330,,,,,,,,,,,,,,,,,10-143-011,.16660339,.033352517,303.50903,.32669252,.20050432,2815,789,63,18,254,.58730161,.16883117,.59090906,.3286033,.30385315,.58587778
충청북도 영동군,33340,,,,,,,,,,,,,,,,,10-144-011,.11534597,.033352517,245.23459,.36944777,.26473153,2815,789,94,12,211,.47872341,.10254559,.8032738,.3286033,.30385315,.58587778
충청북도 괴산군,33360,,,,,,,,,,,,,,,,,10-147-011,.044330988,.033352517,203.29813,.37883765,.25664553,2815,789,45,3,100,.77777779,.051282052,.76923078,.3286033,.30385315,.58587778
충청북도 단양군,33380,,,,,,,,,,,,,,,,,10-149-011,.042013917,.033352517,220.71213,.35712433,.22303616,2815,789,16,1,58,.9375,.03125,.5,.3286033,.30385315,.58587778
충청북도 증평군,33390,,,,,,,,,,,,,,,,,10-145-014,.003470399,.033352517,307.04526,.25699258,.13166295,285,165,58,6,193,.10344828,.092746727,.89655173,.3286033,.30385315,.58587778
충청남도 공주시,34020,,,,,,,,,,,,,,,,,11-152-011,.068456732,.018360443,283.26556,.31752568,.19154216,2815,789,117,20,446,.45085469,.12521675,.73251802,.18504091,.25658396,.70886755
충청남도 보령시,34030,,,,,,,,,,,,,,,,,11-153-011,.13535874,.018360443,287.79651,.34624913,.2184113,2815,789,114,30,408,.47368422,.1673453,.63591212,.18504091,.25658396,.70886755
충청남도 서산시,34050,,,,,,,,,,,,,,,,,11-155-011,.072199866,.018360443,364.41101,.29709524,.16659409,2815,789,140,91,833,.33186814,.34077433,.52426815,.18504091,.25658396,.70886755
충청남도 논산시,34060,,,,,,,,,,,,,,,,,11-156-011,.083176829,.018360443,297.10944,.40336317,.30358407,2815,789,121,31,384,.56358302,.15639713,.61045337,.18504091,.25658396,.70886755
충청남도 계룡시,34070,,,,,,,,,,,,,,,,,11-157-031,.021684302,.018360443,396.2113,.27901965,.16003469,1050,245,42,20,250,.49047619,.21702741,.45575759,.18504091,.25658396,.70886755
충청남도 금산군,34310,,,,,,,,,,,,,,,,,11-158-011,.097526014,.018360443,261.9975,.4069351,.30152616,2815,789,71,14,217,.40845069,.12682763,.6431973,.18504091,.25658396,.70886755
충청남도 부여군,34330,,,,,,,,,,,,,,,,,11-160-011,.10687422,.018360443,318.30347,.37261465,.26097205,2815,789,118,29,356,.471654,.16203049,.65929645,.18504091,.25658396,.70886755
충청남도 서천군,34340,,,,,,,,,,,,,,,,,11-161-011,.10526364,.018360443,263.07336,.36514485,.23711349,2815,789,54,12,200,.32407406,.14694211,.6612395,.18504091,.25658396,.70886755
충청남도 청양군,34350,,,,,,,,,,,,,,,,,11-162-011,.085065529,.018360443,308.42636,.39065975,.28074399,2815,789,26,8,95,.5,.18974359,.61666667,.18504091,.25658396,.70886755
충청남도 홍성군,34360,,,,,,,,,,,,,,,,,11-163-011,.052648835,.018360443,328.95157,.35047525,.23400989,2815,789,110,23,361,.53833991,.13843822,.6620959,.18504091,.25658396,.70886755
충청남도 예산군,34370,,,,,,,,,,,,,,,,,11-164-011,.068257608,.018360443,298.24313,.29948649,.1616988,2815,789,132,22,450,.34848484,.12436179,.74617076,.18504091,.25658396,.70886755
충청남도 태안군,34380,,,,,,,,,,,,,,,,,11-165-011,.11689781,.018360443,317.36185,.35154009,.24239774,2815,789,89,26,300,.35479689,.18084536,.61904764,.18504091,.25658396,.70886755
전라북도 전주시,35010,,,,,,,,,,,,,,,,,12-167-060,.07131248,.027960233,366.36591,.3450844,.21889693,1569,1089,358,157,1408,.36690032,.24943064,.5687654,.21870796,.19484414,.76377577
전라북도 군산시,35020,,,,,,,,,,,,,,,,,12-169-011,.069016844,.027960233,334.19882,.31855452,.18947892,2815,789,331,100,1315,.31694865,.20062433,.66406655,.21870796,.19484414,.76377577
전라북도 익산시,35030,,,,,,,,,,,,,,,,,12-170-011,.058476713,.027960233,339.70029,.35314128,.22853045,2815,789,329,109,1181,.37759683,.20683049,.62428653,.21870796,.19484414,.76377577
전라북도 정읍시,35040,,,,,,,,,,,,,,,,,12-171-011,.12515418,.027960233,293.64197,.39257029,.28149253,2815,789,168,34,462,.51995796,.11762737,.58121765,.21870796,.19484414,.76377577
전라북도 남원시,35050,,,,,,,,,,,,,,,,,12-172-011,.097829469,.027960233,282.24939,.37066412,.25094455,2815,789,56,19,233,.64285713,.1512654,.44583488,.21870796,.19484414,.76377577
전라북도 김제시,35060,,,,,,,,,,,,,,,,,12-173-011,.079458416,.027960233,257.2178,.37770599,.26409972,2815,789,131,14,327,.56706655,.082202792,.76918328,.21870796,.19484414,.76377577
전라북도 완주군,35310,,,,,,,,,,,,,,,,,12-174-011,.087705195,.027960233,281.35458,.36463541,.24403162,2815,789,151,20,346,.23642384,.11271181,.85097414,.21870796,.19484414,.76377577
전라북도 진안군,35320,,,,,,,,,,,,,,,,,12-175-011,.1652239,.027960233,248.66386,.32416278,.20050737,2815,789,27,1,49,.74074072,.032407407,.875,.21870796,.19484414,.76377577
전라북도 무주군,35330,,,,,,,,,,,,,,,,,12-176-011,.072541535,.027960233,261.01273,.34866381,.21346609,2815,789,66,7,153,.35714287,.089568764,.84450549,.21870796,.19484414,.76377577
전라북도 장수군,35340,,,,,,,,,,,,,,,,,12-177-011,.099278785,.027960233,299.83868,.31974459,.18881956,2815,789,25,4,83,.60000002,.06666667,.41666666,.21870796,.19484414,.76377577
전라북도 임실군,35350,,,,,,,,,,,,,,,,,12-178-011,.14525531,.027960233,245.47482,.33092004,.20600004,2815,789,57,2,150,.84210527,.028708134,.81818181,.21870796,.19484414,.76377577
전라북도 순창군,35360,,,,,,,,,,,,,,,,,12-179-011,.071862161,.027960233,270.12036,.44161162,.38821352,2815,789,72,4,136,.83333331,.041666668,.75,.21870796,.19484414,.76377577
전라북도 고창군,35370,,,,,,,,,,,,,,,,,12-180-011,.1137525,.027960233,259.7114,.34117669,.23704562,2815,789,132,9,307,.36616161,.057551369,.84408677,.21870796,.19484414,.76377577
전라북도 부안군,35380,,,,,,,,,,,,,,,,,12-181-011,.13539048,.027960233,238.87692,.36027968,.25308868,2815,789,78,8,164,.5,.075549453,.73660713,.21870796,.19484414,.76377577
전라남도 목포시,36010,,,,,,,,,,,,,,,,,13-182-051,.06417346,.019393677,318.24496,.34904999,.22521897,2111,1203,299,75,982,.42885172,.16032566,.63916498,.33811861,.180142,.71485746
전라남도 여수시,36020,,,,,,,,,,,,,,,,,13-183-011,.079327516,.019393677,363.07312,.31614029,.18595137,2815,789,278,154,1408,.50663364,.24504891,.44236103,.33811861,.180142,.71485746
전라남도 순천시,36030,,,,,,,,,,,,,,,,,13-184-011,.14813806,.019393677,351.09787,.3024652,.16928847,2815,789,257,140,1431,.46200666,.26347029,.48365617,.33811861,.180142,.71485746
전라남도 나주시,36040,,,,,,,,,,,,,,,,,13-185-011,.066902012,.019393677,257.30051,.37434125,.24898605,2815,789,153,18,369,.53594774,.085841611,.72965366,.33811861,.180142,.71485746
전라남도 광양시,36060,,,,,,,,,,,,,,,,,13-186-011,.1036327,.019393677,378.67831,.31740576,.18182281,2815,789,94,93,701,.28334478,.39862227,.40290853,.33811861,.180142,.71485746
전라남도 담양군,36310,,,,,,,,,,,,,,,,,13-187-011,.13868414,.019393677,334.4566,.45205626,.37811938,2815,789,86,26,225,.29159212,.20417237,.67533934,.33811861,.180142,.71485746
전라남도 곡성군,36320,,,,,,,,,,,,,,,,,13-188-011,.094279505,.019393677,257.09576,.36754102,.25057513,2815,789,101,7,218,.57991511,.054905057,.79220152,.33811861,.180142,.71485746
전라남도 구례군,36330,,,,,,,,,,,,,,,,,13-189-011,.049364582,.019393677,207.48212,.39224559,.26852047,2815,789,70,4,121,.65714288,.048979592,.85714287,.33811861,.180142,.71485746
전라남도 고흥군,36350,,,,,,,,,,,,,,,,,13-190-011,.065505743,.019393677,304.81387,.38931096,.28126124,2815,789,145,23,366,.47916043,.11633755,.73343235,.33811861,.180142,.71485746
전라남도 보성군,36360,,,,,,,,,,,,,,,,,13-191-011,.082323216,.019393677,252.8037,.38570943,.28990191,2815,789,107,8,227,.66004676,.057655998,.77114898,.33811861,.180142,.71485746
전라남도 화순군,36370,,,,,,,,,,,,,,,,,13-192-011,.11351322,.019393677,270.99054,.37966114,.27663699,2815,789,186,16,412,.44825268,.074203789,.86261904,.33811861,.180142,.71485746
전라남도 장흥군,36380,,,,,,,,,,,,,,,,,13-193-011,.072595641,.019393677,331.74268,.37562454,.25844735,2815,789,84,23,238,.62370598,.14353772,.5242247,.33811861,.180142,.71485746
전라남도 강진군,36390,,,,,,,,,,,,,,,,,13-194-011,.047217958,.019393677,269.49252,.35764337,.24020383,2815,789,75,6,160,.56,.06700483,.83756042,.33811861,.180142,.71485746
전라남도 해남군,36400,,,,,,,,,,,,,,,,,13-195-011,.056033567,.019393677,253.8927,.38112003,.26874468,2815,789,104,8,215,.58653843,.057243239,.74416208,.33811861,.180142,.71485746
전라남도 영암군,36410,,,,,,,,,,,,,,,,,13-196-011,.099427544,.019393677,298.97784,.34337661,.24379943,2815,789,108,11,377,.53872055,.076213911,.74828202,.33811861,.180142,.71485746
전라남도 무안군,36420,,,,,,,,,,,,,,,,,13-197-011,.07463862,.019393677,329.21603,.35831895,.23676889,2815,789,132,27,378,.79713804,.087250918,.42656007,.33811861,.180142,.71485746
전라남도 함평군,36430,,,,,,,,,,,,,,,,,13-198-011,.088695742,.019393677,393.92639,.49521688,.44665766,2815,789,103,8,217,.66140777,.060643818,.7807892,.33811861,.180142,.71485746
전라남도 영광군,36440,,,,,,,,,,,,,,,,,13-199-011,.096053593,.019393677,306.56586,.37111741,.25515598,2815,789,97,16,265,.51546389,.11974383,.72594696,.33811861,.180142,.71485746
전라남도 장성군,36450,,,,,,,,,,,,,,,,,13-200-011,.069180749,.019393677,272.18082,.41744515,.31990731,2815,789,93,9,216,.40860215,.082416192,.85163397,.33811861,.180142,.71485746
전라남도 완도군,36460,,,,,,,,,,,,,,,,,13-201-011,.051516548,.019393677,341.65503,.41916534,.32884741,2815,789,73,17,202,.30298147,.17472778,.75030166,.33811861,.180142,.71485746
전라남도 진도군,36470,,,,,,,,,,,,,,,,,13-202-011,.059578303,.019393677,267.77994,.36151946,.25055298,2815,789,67,5,154,.41194031,.063739739,.85411257,.33811861,.180142,.71485746
전라남도 신안군,36480,,,,,,,,,,,,,,,,,13-203-011,.055396937,.019393677,144.82468,.33912158,.22279401,2815,789,42,0,55,0,0,0,.33811861,.180142,.71485746
경상북도 포항시,37010,,,,,,,,,,,,,,,,,14-204-011,.086306289,.022764748,379.55072,.33363894,.20536174,2815,789,194,142,1136,.47705823,.2946862,.40259945,.25659272,.20520614,.72350812
경상북도 경주시,37020,,,,,,,,,,,,,,,,,14-206-011,.061385192,.022764748,322.91336,.30523494,.18210068,2815,789,339,86,1407,.39003223,.17276444,.68101329,.25659272,.20520614,.72350812
경상북도 김천시,37030,,,,,,,,,,,,,,,,,14-207-011,.13502248,.022764748,332.38715,.32875884,.19552708,2815,789,135,71,667,.513928,.2482921,.4721047,.25659272,.20520614,.72350812
경상북도 안동시,37040,,,,,,,,,,,,,,,,,14-208-011,.11065671,.022764748,352.36395,.33398339,.20221725,2815,789,238,97,919,.3301135,.25134081,.61669189,.25659272,.20520614,.72350812
경상북도 구미시,37050,,,,,,,,,,,,,,,,,14-209-011,.053992338,.022764748,340.37396,.31608438,.20327212,2815,789,488,122,2085,.39139345,.17197163,.68788654,.25659272,.20520614,.72350812
경상북도 영주시,37060,,,,,,,,,,,,,,,,,14-210-011,.089789137,.022764748,329.14441,.34424421,.22590119,2815,789,151,42,594,.36597288,.17888841,.64314646,.25659272,.20520614,.72350812
경상북도 영천시,37070,,,,,,,,,,,,,,,,,14-211-011,.088976145,.022764748,272.19193,.3359836,.21408579,2815,789,140,11,383,.64285713,.064161301,.81659842,.25659272,.20520614,.72350812
경상북도 상주시,37080,,,,,,,,,,,,,,,,,14-212-011,.062513866,.022764748,294.19025,.34884223,.23251072,2815,789,160,17,443,.55992645,.08171013,.76903653,.25659272,.20520614,.72350812
경상북도 문경시,37090,,,,,,,,,,,,,,,,,14-213-011,.068003498,.022764748,266.39307,.36232591,.23190251,2815,789,65,14,239,.6010989,.1171584,.54394972,.25659272,.20520614,.72350812
경상북도 경산시,37100,,,,,,,,,,,,,,,,,14-214-011,.13154086,.022764748,300.21667,.30624759,.17798764,2815,789,310,53,1166,.1253804,.1427023,.83467376,.25659272,.20520614,.72350812
경상북도 군위군,37310,,,,,,,,,,,,,,,,,14-215-011,.13024232,.022764748,231.35715,.32630715,.21193586,2815,789,34,3,82,.35294119,.07763841,.87990195,.25659272,.20520614,.72350812
경상북도 의성군,37320,,,,,,,,,,,,,,,,,14-216-011,.075318977,.022764748,261.26785,.38827345,.2755444,2815,789,75,9,160,.52888888,.091306396,.76088667,.25659272,.20520614,.72350812
경상북도 청송군,37330,,,,,,,,,,,,,,,,,14-217-011,.08114323,.022764748,264.76779,.30989429,.19730851,2815,789,71,3,194,.54929578,.038625695,.91414142,.25659272,.20520614,.72350812
경상북도 영양군,37340,,,,,,,,,,,,,,,,,14-218-011,.074054971,.022764748,264.2016,.29030204,.15234494,2815,789,39,5,94,.66666669,.09259259,.72222221,.25659272,.20520614,.72350812
경상북도 영덕군,37350,,,,,,,,,,,,,,,,,14-219-011,.077532113,.022764748,259.82803,.35231709,.22682616,2815,789,78,11,167,.42074591,.11011937,.78084642,.25659272,.20520614,.72350812
경상북도 청도군,37360,,,,,,,,,,,,,,,,,14-220-011,.089184403,.022764748,465.17725,.46511936,.38530883,2815,789,46,14,181,.61180127,.10379369,.34103641,.25659272,.20520614,.72350812
경상북도 고령군,37370,,,,,,,,,,,,,,,,,14-221-011,.17768595,.022764748,301.73166,.34551659,.23259082,2815,789,109,12,271,.23623854,.096282221,.87456352,.25659272,.20520614,.72350812
경상북도 성주군,37380,,,,,,,,,,,,,,,,,14-222-011,.063248381,.022764748,285.9371,.29078022,.15637729,2815,789,96,10,254,.53125,.065379404,.62764227,.25659272,.20520614,.72350812
경상북도 칠곡군,37390,,,,,,,,,,,,,,,,,14-223-011,.050038274,.022764748,334.18668,.27497506,.15011913,2815,789,144,39,694,.31730768,.19360532,.71485043,.25659272,.20520614,.72350812
경상북도 예천군,37400,,,,,,,,,,,,,,,,,14-224-011,.074873887,.022764748,317.56204,.39259666,.28988716,2815,789,83,13,228,.39110288,.11461832,.73179382,.25659272,.20520614,.72350812
경상북도 봉화군,37410,,,,,,,,,,,,,,,,,14-225-011,.089776859,.022764748,276.8027,.33091673,.20748201,2815,789,72,2,157,.59722221,.025937798,.9337607,.25659272,.20520614,.72350812
경상북도 울진군,37420,,,,,,,,,,,,,,,,,14-226-011,.066738255,.022764748,365.58881,.36674953,.23796643,2815,789,81,31,247,.41736361,.21189572,.55366302,.25659272,.20520614,.72350812
경상남도 진주시,38030,,,,,,,,,,,,,,,,,15-233-011,.057122145,.029604748,360.39426,.3209295,.19613615,2815,789,410,132,1704,.44434589,.19876529,.61737704,.21958254,.25909775,.6871255
경상남도 통영시,38050,,,,,,,,,,,,,,,,,15-234-011,.061652262,.029604748,331.16281,.32074144,.19771282,2815,789,149,41,639,.44180718,.17840669,.64835602,.21958254,.25909775,.6871255
경상남도 사천시,38060,,,,,,,,,,,,,,,,,15-235-011,.075439058,.029604748,320.94537,.29869083,.16640985,2815,789,143,33,585,.50349653,.14830655,.64266169,.21958254,.25909775,.6871255
경상남도 김해시,38070,,,,,,,,,,,,,,,,,15-236-011,.059072681,.029604748,372.18594,.29843667,.17315918,2815,789,410,241,2465,.18997066,.3526279,.59990638,.21958254,.25909775,.6871255
경상남도 밀양시,38080,,,,,,,,,,,,,,,,,15-237-011,.06550055,.029604748,295.34824,.36870936,.25343502,2815,789,114,26,360,.5688259,.14175588,.62154496,.21958254,.25909775,.6871255
경상남도 거제시,38090,,,,,,,,,,,,,,,,,15-238-031,.052556049,.029604748,366.6962,.28126332,.1505352,1050,245,194,131,1381,.36385456,.32052389,.47466895,.21958254,.25909775,.6871255
경상남도 양산시,38100,,,,,,,,,,,,,,,,,15-239-012,.036872473,.029604748,414.45657,.36120033,.24775827,1034,378,215,123,1222,.41652486,.2922816,.51089877,.21958254,.25909775,.6871255
경상남도 창원시,38110,,,,,,,,,,,,,,,,,15-228-011,.020946587,.029604748,340.91486,.30113646,.19144273,2815,789,236,72,1303,.38064972,.20720814,.67918223,.21958254,.25909775,.6871255
경상남도 창원시(구마산시),38113,,,,,,,,,,,,,,,,,15-230-031,.042517353,.029604748,313.96835,.31998143,.18869455,1050,245,177,55,727,.35757574,.20587324,.66253752,.21958254,.25909775,.6871255
경상남도 의령군,38310,,,,,,,,,,,,,,,,,15-240-011,.13538215,.029604748,271.57834,.34603205,.2189662,2815,789,46,4,133,.54347825,.073043481,.83999997,.21958254,.25909775,.6871255
경상남도 함안군,38320,,,,,,,,,,,,,,,,,15-241-011,.072711095,.029604748,268.52057,.36887661,.25066724,2815,789,103,16,258,.54915047,.11423948,.73541665,.21958254,.25909775,.6871255
경상남도 창녕군,38330,,,,,,,,,,,,,,,,,15-242-011,.080346689,.029604748,294.4845,.31630847,.19000749,2815,789,78,21,345,.31501833,.18451157,.68532872,.21958254,.25909775,.6871255
경상남도 고성군,38340,,,,,,,,,,,,,,,,,15-243-011,.060416222,.029604748,240.08749,.43960261,.35961148,2815,789,49,5,151,.48979592,.084897958,.83200002,.21958254,.25909775,.6871255
경상남도 남해군,38350,,,,,,,,,,,,,,,,,15-244-011,.057197027,.029604748,247.94176,.35258067,.23406573,2815,789,79,3,192,.83544302,.02933494,.77248675,.21958254,.25909775,.6871255
경상남도 하동군,38360,,,,,,,,,,,,,,,,,15-245-011,.050660551,.029604748,304.09839,.35247353,.23179349,2815,789,70,24,228,.55238098,.16353741,.47698411,.21958254,.25909775,.6871255
경상남도 산청군,38370,,,,,,,,,,,,,,,,,15-246-011,.064813919,.029604748,260.1582,.42427608,.33086738,2815,789,71,9,146,.41158059,.10299747,.81253558,.21958254,.25909775,.6871255
경상남도 함양군,38380,,,,,,,,,,,,,,,,,15-247-011,.023361208,.029604748,188.73489,.40453863,.35797825,2815,789,40,0,59,0,0,0,.21958254,.25909775,.6871255
경상남도 거창군,38390,,,,,,,,,,,,,,,,,15-248-011,.04969969,.029604748,278.2868,.38884649,.29441959,2815,789,84,11,187,.54761904,.10050366,.76748252,.21958254,.25909775,.6871255
경상남도 합천군,38400,,,,,,,,,,,,,,,,,15-249-011,.091927402,.029604748,303.37732,.32638967,.1977782,2815,789,80,11,231,.47159091,.095146105,.69197166,.21958254,.25909775,.6871255
제주특별자치도 제주시,39010,,,,,,,,,,,,,,,,,16-250-011,.048284657,.0014846241,321.8187,.32118681,.19526932,2815,789,629,123,2017,.47365156,.1335545,.6829738,.01576044,.16068587,.83913732
제주특별자치도 서귀포시,39020,,,,,,,,,,,,,,,,,16-251-011,.021339089,.0014846241,317.34399,.29918423,.17180271,2815,789,217,39,791,.42159989,.13300882,.74007475,.01576044,.16068587,.83913732
